{
  "id": "",
  "name": "",
  "font_family": "iconfont",
  "css_prefix_text": "icon-",
  "description": "",
  "glyphs": [
    {
      "icon_id": "1129600",
      "name": "手机",
      "font_class": "shouji",
      "unicode": "e626",
      "unicode_decimal": 58918
    },
    {
      "icon_id": "4685719",
      "name": "密码",
      "font_class": "Group-",
      "unicode": "e690",
      "unicode_decimal": 59024
    },
    {
      "icon_id": "4933428",
      "name": "信息",
      "font_class": "xinxi",
      "unicode": "e764",
      "unicode_decimal": 59236
    }
  ]
}
